[
  {
    "name": "boring",
    "title": "Boring", 
    "ingridients": {
      "coffee": 20,
      "water": 300,
      "grind": 5,
      "temp": 94,
      "time": 160
    },
    "steps": [
      {
        "type": "pour",
        "amount": 40,
        "time": 10
      },
      {
        "type": "bloom",
        "time": 20
      },
      {
        "type": "pour",
        "amount": 150,
        "time": 45
      },
      {
        "type": "wait",
        "time": 10
      },
      {
        "type": "pour",
        "amount": 110,
        "time": 45
      },
      {
        "type": "wait",
        "time": 30
      }
    ]
  },
  {
    "name": "tetsu-kasuya",
    "title": "Tetsu Kasuya", 
    "notes": "More info: https://en.philocoffea.com/blogs/blog/coffee-brewing-method",
    "ingridients": {
      "coffee": 20,
      "water": 300,
      "grind": 7,
      "temp": 92,
      "time": 210
    },
    "steps": [
      {
        "type": "pour",
        "amount": 60,
        "time": 5
      },
      {
        "type": "wait",
        "time": 40
      },
      {
        "type": "pour",
        "amount": 60,
        "time": 5
      },
      {
        "type": "wait",
        "time": 40
      },
      {
        "type": "pour",
        "amount": 60,
        "time": 5
      },
      {
        "type": "wait",
        "time": 40
      },
      {
        "type": "pour",
        "amount": 60,
        "time": 5
      },
      {
        "type": "wait",
        "time": 25
      },
      {
        "type": "pour",
        "amount": 60,
        "time": 5
      },
      {
        "type": "wait",
        "time": 40
      }
    ]
  },
  {
    "name": "james-hoffmann",
    "title": "James Hoffmann",
    "notes": "Details: https://www.youtube.com/watch?v=AI4ynXzkSQo",
    "ingridients": {
      "coffee": 30,
      "water": 500,
      "grind": 4,
      "temp": 100,
      "time": 210
    },
    "steps": [
      {
        "type": "filter",
        "notes": "Rinse paper filter with water just off the boil. This removes any paper taste and preheats the brewer",
        "time": 10
      },
      {
        "type": "add",
        "notes": "Create well in the middle of the grounds",
        "time": 10
      },
      {
        "type": "pour",
        "notes": "Add 2x coffee weight = 60g of bloom water",
        "amount": 60,
        "time": 10
      },
      {
        "type": "swirl",
        "notes": "Swirl the coffee slurry until evenly mixed",
        "time": 5
      },
      {
        "type": "bloom",
        "notes": "Continue the bloom for up to 45s. This allows CO2 to escape which will improve extraction",
        "time": 30
      },
      {
        "type": "pour",
        "notes": "Add water aiming for 60% of total brew weight = 300g in the next 30s",
        "amount": 240,
        "time": 30
      },
      {
        "type": "pour",
        "notes": "Add water aiming for 100% of the total brew weight = 500g in the next 30s. Pour a little slower than the first phase",
        "amount": 200,
        "time": 30
      },
      {
        "type": "stir",
        "notes": "Stir 1x clockwise and 1x anticlockwise with a spoon. This knocks off grounds from the side wall",
        "time": 5
      },
      {
        "type": "wait",
        "notes": "Allow V60 to drain a little",
        "time": 10
      },
      {
        "type": "swirl",
        "notes": "Give V60 a gentle swirl",
        "time": 5
      },
      {
        "type": "wait",
        "notes": "Let brew draw down. Aim to finish by t = 3:30",
        "time": 85
      }
    ]
  }
]
